competencia,codigo_territorio,territorio,grupo_morbidade,subgrupo,registros_aih,denominador_aih_obstetricas,proporcao_aih_obstetricas_pct,dias_permanencia,valor_total,obitos_hospitalares
202401,BR,Brasil,complicacoes_anestesicas,anestesia_obstetrica,190,179861,0.1056,443,48185.40,0
202401,BR,Brasil,complicacoes_gestacao,liquido_membranas_ou_placenta,6692,179861,3.7207,19658,5059852.31,4
202401,BR,Brasil,complicacoes_parto,trabalho_de_parto_ou_parto,21547,179861,11.9798,58016,14512525.64,6
202401,BR,Brasil,complicacoes_puerperais,outras_complicacoes_puerperais,949,179861,0.5276,3732,393964.79,1
202401,BR,Brasil,complicacoes_vasculares,complicacoes_venosas,218,179861,0.1212,1069,89335.66,1
202401,BR,Brasil,complicacoes_vasculares,embolia_obstetrica,10,179861,0.0056,42,3993.96,0
202401,BR,Brasil,desfecho_abortivo,gestacao_com_desfecho_abortivo,14335,179861,7.97,23772,3902314.11,4
202401,BR,Brasil,disturbios_metabolicos,diabetes_na_gestacao,4804,179861,2.671,18002,2840121.80,1
202401,BR,Brasil,hemorragias,hemorragia_pos_parto,224,179861,0.1245,583,128798.90,3
202401,BR,Brasil,hemorragias,outras_hemorragias_obstetricas,3467,179861,1.9276,7470,1062783.77,1
202401,BR,Brasil,infeccoes,infeccao_geniturinaria_gestacao,3013,179861,1.6752,11703,626593.59,0
202401,BR,Brasil,infeccoes,infeccao_puerperal,1266,179861,0.7039,6619,509271.38,2
202401,BR,Brasil,outras_condicoes_maternas,anemia_complicando_gestacao,105,179861,0.0584,449,56231.73,0
202401,BR,Brasil,outras_condicoes_maternas,doencas_classificadas_em_outros_capitulos,5359,179861,2.9795,20998,1963611.52,4
202401,BR,Brasil,outras_condicoes_maternas,edema_proteinuria_sem_hipertensao,45,179861,0.025,140,17129.42,0
202401,BR,Brasil,outras_condicoes_maternas,outras_condicoes_da_gestacao,1216,179861,0.6761,4055,338065.11,0
202401,BR,Brasil,transtornos_hipertensivos,eclampsia,515,179861,0.2863,1992,418531.16,3
202401,BR,Brasil,transtornos_hipertensivos,hipertensao_gestacional,2358,179861,1.311,8061,1483836.22,3
202401,BR,Brasil,transtornos_hipertensivos,outros_hipertensivos,2605,179861,1.4483,9041,2028222.45,2
202401,BR,Brasil,transtornos_hipertensivos,pre_eclampsia,4756,179861,2.6443,20212,4060281.94,3
202402,BR,Brasil,complicacoes_anestesicas,anestesia_obstetrica,161,174392,0.0923,424,56346.47,1
202402,BR,Brasil,complicacoes_gestacao,liquido_membranas_ou_placenta,6126,174392,3.5128,17914,4586186.07,5
202402,BR,Brasil,complicacoes_parto,trabalho_de_parto_ou_parto,21330,174392,12.2311,58810,14300477.26,11
202402,BR,Brasil,complicacoes_puerperais,outras_complicacoes_puerperais,936,174392,0.5367,3937,401616.49,0
202402,BR,Brasil,complicacoes_vasculares,complicacoes_venosas,244,174392,0.1399,1198,94771.44,0
202402,BR,Brasil,complicacoes_vasculares,embolia_obstetrica,11,174392,0.0063,73,12891.95,1
202402,BR,Brasil,desfecho_abortivo,gestacao_com_desfecho_abortivo,13706,174392,7.8593,23001,3683622.15,7
202402,BR,Brasil,disturbios_metabolicos,diabetes_na_gestacao,4669,174392,2.6773,18423,2814585.69,3
202402,BR,Brasil,hemorragias,hemorragia_pos_parto,216,174392,0.1239,574,124542.23,1
202402,BR,Brasil,hemorragias,outras_hemorragias_obstetricas,3343,174392,1.9169,7384,1060073.58,1
202402,BR,Brasil,infeccoes,infeccao_geniturinaria_gestacao,3004,174392,1.7226,11903,612838.10,1
202402,BR,Brasil,infeccoes,infeccao_puerperal,1324,174392,0.7592,6857,558258.37,2
202402,BR,Brasil,outras_condicoes_maternas,anemia_complicando_gestacao,128,174392,0.0734,571,60935.81,0
202402,BR,Brasil,outras_condicoes_maternas,doencas_classificadas_em_outros_capitulos,5373,174392,3.081,19994,2014606.88,5
202402,BR,Brasil,outras_condicoes_maternas,edema_proteinuria_sem_hipertensao,43,174392,0.0247,143,12399.65,0
202402,BR,Brasil,outras_condicoes_maternas,outras_condicoes_da_gestacao,1193,174392,0.6841,3984,294135.89,2
202402,BR,Brasil,transtornos_hipertensivos,eclampsia,539,174392,0.3091,2435,494105.28,2
202402,BR,Brasil,transtornos_hipertensivos,hipertensao_gestacional,2347,174392,1.3458,8124,1520806.32,2
202402,BR,Brasil,transtornos_hipertensivos,outros_hipertensivos,2491,174392,1.4284,8827,1967247.38,3
202402,BR,Brasil,transtornos_hipertensivos,pre_eclampsia,4632,174392,2.6561,19696,4004719.96,4
202403,BR,Brasil,complicacoes_anestesicas,anestesia_obstetrica,164,187577,0.0874,430,40643.97,0
202403,BR,Brasil,complicacoes_gestacao,liquido_membranas_ou_placenta,6841,187577,3.647,20462,5164089.94,17
202403,BR,Brasil,complicacoes_parto,trabalho_de_parto_ou_parto,22694,187577,12.0985,62509,15302171.94,26
202403,BR,Brasil,complicacoes_puerperais,outras_complicacoes_puerperais,1009,187577,0.5379,4106,410754.01,4
202403,BR,Brasil,complicacoes_vasculares,complicacoes_venosas,264,187577,0.1407,1413,108401.22,0
202403,BR,Brasil,complicacoes_vasculares,embolia_obstetrica,6,187577,0.0032,10,3375.33,0
202403,BR,Brasil,desfecho_abortivo,gestacao_com_desfecho_abortivo,14006,187577,7.4668,23954,3790425.63,3
202403,BR,Brasil,disturbios_metabolicos,diabetes_na_gestacao,5077,187577,2.7066,19936,3028583.88,2
202403,BR,Brasil,hemorragias,hemorragia_pos_parto,254,187577,0.1354,724,202160.58,6
202403,BR,Brasil,hemorragias,outras_hemorragias_obstetricas,3461,187577,1.8451,7949,1184569.48,4
202403,BR,Brasil,infeccoes,infeccao_geniturinaria_gestacao,2938,187577,1.5663,11970,590473.96,0
202403,BR,Brasil,infeccoes,infeccao_puerperal,1338,187577,0.7133,7042,477860.26,2
202403,BR,Brasil,outras_condicoes_maternas,anemia_complicando_gestacao,156,187577,0.0832,653,70368.70,0
202403,BR,Brasil,outras_condicoes_maternas,doencas_classificadas_em_outros_capitulos,5661,187577,3.018,21751,2208354.63,2
202403,BR,Brasil,outras_condicoes_maternas,edema_proteinuria_sem_hipertensao,55,187577,0.0293,194,18363.78,1
202403,BR,Brasil,outras_condicoes_maternas,outras_condicoes_da_gestacao,1318,187577,0.7026,4494,406938.57,0
202403,BR,Brasil,transtornos_hipertensivos,eclampsia,539,187577,0.2873,2377,490275.27,3
202403,BR,Brasil,transtornos_hipertensivos,hipertensao_gestacional,2498,187577,1.3317,9116,1601562.48,3
202403,BR,Brasil,transtornos_hipertensivos,outros_hipertensivos,2829,187577,1.5082,9965,2278726.32,7
202403,BR,Brasil,transtornos_hipertensivos,pre_eclampsia,5146,187577,2.7434,21708,4432905.68,3
202404,BR,Brasil,complicacoes_anestesicas,anestesia_obstetrica,200,187027,0.1069,515,47324.25,0
202404,BR,Brasil,complicacoes_gestacao,liquido_membranas_ou_placenta,6897,187027,3.6877,21083,5244691.87,4
202404,BR,Brasil,complicacoes_parto,trabalho_de_parto_ou_parto,22113,187027,11.8234,60157,14964547.69,25
202404,BR,Brasil,complicacoes_puerperais,outras_complicacoes_puerperais,1043,187027,0.5577,4337,513822.38,4
202404,BR,Brasil,complicacoes_vasculares,complicacoes_venosas,223,187027,0.1192,1140,104131.59,0
202404,BR,Brasil,complicacoes_vasculares,embolia_obstetrica,5,187027,0.0027,42,7763.04,0
202404,BR,Brasil,desfecho_abortivo,gestacao_com_desfecho_abortivo,13383,187027,7.1557,22721,3552599.86,0
202404,BR,Brasil,disturbios_metabolicos,diabetes_na_gestacao,5104,187027,2.729,20407,3132027.30,2
202404,BR,Brasil,hemorragias,hemorragia_pos_parto,222,187027,0.1187,641,120329.25,0
202404,BR,Brasil,hemorragias,outras_hemorragias_obstetricas,3393,187027,1.8142,8234,1119204.00,3
202404,BR,Brasil,infeccoes,infeccao_geniturinaria_gestacao,2908,187027,1.5549,11747,577208.06,0
202404,BR,Brasil,infeccoes,infeccao_puerperal,1416,187027,0.7571,7544,529331.60,3
202404,BR,Brasil,outras_condicoes_maternas,anemia_complicando_gestacao,167,187027,0.0893,675,83908.31,0
202404,BR,Brasil,outras_condicoes_maternas,doencas_classificadas_em_outros_capitulos,5775,187027,3.0878,22672,2338786.38,5
202404,BR,Brasil,outras_condicoes_maternas,edema_proteinuria_sem_hipertensao,42,187027,0.0225,137,14070.91,0
202404,BR,Brasil,outras_condicoes_maternas,outras_condicoes_da_gestacao,1218,187027,0.6512,4319,375635.68,0
202404,BR,Brasil,transtornos_hipertensivos,eclampsia,504,187027,0.2695,2227,418307.68,2
202404,BR,Brasil,transtornos_hipertensivos,hipertensao_gestacional,2554,187027,1.3656,9074,1665794.55,1
202404,BR,Brasil,transtornos_hipertensivos,outros_hipertensivos,2817,187027,1.5062,10125,2243142.28,2
202404,BR,Brasil,transtornos_hipertensivos,pre_eclampsia,5218,187027,2.79,22751,4537120.12,7
202405,BR,Brasil,complicacoes_anestesicas,anestesia_obstetrica,181,183678,0.0985,465,42166.15,0
202405,BR,Brasil,complicacoes_gestacao,liquido_membranas_ou_placenta,6785,183678,3.694,20323,5172133.23,4
202405,BR,Brasil,complicacoes_parto,trabalho_de_parto_ou_parto,21447,183678,11.6764,58143,14457948.53,11
202405,BR,Brasil,complicacoes_puerperais,outras_complicacoes_puerperais,1096,183678,0.5967,4287,464103.14,0
202405,BR,Brasil,complicacoes_vasculares,complicacoes_venosas,183,183678,0.0996,793,80974.64,0
202405,BR,Brasil,complicacoes_vasculares,embolia_obstetrica,9,183678,0.0049,34,8836.33,0
202405,BR,Brasil,desfecho_abortivo,gestacao_com_desfecho_abortivo,13107,183678,7.1359,21962,3573159.47,8
202405,BR,Brasil,disturbios_metabolicos,diabetes_na_gestacao,4746,183678,2.5839,18635,2925315.05,0
202405,BR,Brasil,hemorragias,hemorragia_pos_parto,253,183678,0.1377,737,162137.33,0
202405,BR,Brasil,hemorragias,outras_hemorragias_obstetricas,3245,183678,1.7667,7155,1031026.72,0
202405,BR,Brasil,infeccoes,infeccao_geniturinaria_gestacao,2760,183678,1.5026,10937,592365.86,0
202405,BR,Brasil,infeccoes,infeccao_puerperal,1354,183678,0.7372,7247,502807.68,2
202405,BR,Brasil,outras_condicoes_maternas,anemia_complicando_gestacao,129,183678,0.0702,665,66252.70,0
202405,BR,Brasil,outras_condicoes_maternas,doencas_classificadas_em_outros_capitulos,5568,183678,3.0314,21864,2140750.38,2
202405,BR,Brasil,outras_condicoes_maternas,edema_proteinuria_sem_hipertensao,30,183678,0.0163,108,11810.53,0
202405,BR,Brasil,outras_condicoes_maternas,outras_condicoes_da_gestacao,1166,183678,0.6348,4194,370749.30,0
202405,BR,Brasil,transtornos_hipertensivos,eclampsia,520,183678,0.2831,2378,497083.58,5
202405,BR,Brasil,transtornos_hipertensivos,hipertensao_gestacional,2543,183678,1.3845,8709,1625193.76,0
202405,BR,Brasil,transtornos_hipertensivos,outros_hipertensivos,2819,183678,1.5348,10047,2191637.92,1
202405,BR,Brasil,transtornos_hipertensivos,pre_eclampsia,5031,183678,2.739,21384,4344804.21,7
202406,BR,Brasil,complicacoes_anestesicas,anestesia_obstetrica,176,175931,0.1,474,42059.00,0
202406,BR,Brasil,complicacoes_gestacao,liquido_membranas_ou_placenta,6419,175931,3.6486,19135,4835358.11,2
202406,BR,Brasil,complicacoes_parto,trabalho_de_parto_ou_parto,20872,175931,11.8637,55862,13998266.18,5
202406,BR,Brasil,complicacoes_puerperais,outras_complicacoes_puerperais,1023,175931,0.5815,4085,458276.01,5
202406,BR,Brasil,complicacoes_vasculares,complicacoes_venosas,203,175931,0.1154,1112,109474.29,1
202406,BR,Brasil,complicacoes_vasculares,embolia_obstetrica,6,175931,0.0034,15,4407.94,0
202406,BR,Brasil,desfecho_abortivo,gestacao_com_desfecho_abortivo,12638,175931,7.1835,21312,3384680.92,1
202406,BR,Brasil,disturbios_metabolicos,diabetes_na_gestacao,4591,175931,2.6095,18130,2898606.19,0
202406,BR,Brasil,hemorragias,hemorragia_pos_parto,238,175931,0.1353,711,145810.69,3
202406,BR,Brasil,hemorragias,outras_hemorragias_obstetricas,3024,175931,1.7189,6818,947582.86,4
202406,BR,Brasil,infeccoes,infeccao_geniturinaria_gestacao,2604,175931,1.4801,10380,519471.97,0
202406,BR,Brasil,infeccoes,infeccao_puerperal,1272,175931,0.723,6996,490848.58,1
202406,BR,Brasil,outras_condicoes_maternas,anemia_complicando_gestacao,89,175931,0.0506,339,48767.91,1
202406,BR,Brasil,outras_condicoes_maternas,doencas_classificadas_em_outros_capitulos,5462,175931,3.1046,21255,2195143.42,4
202406,BR,Brasil,outras_condicoes_maternas,edema_proteinuria_sem_hipertensao,26,175931,0.0148,85,8178.48,0
202406,BR,Brasil,outras_condicoes_maternas,outras_condicoes_da_gestacao,1083,175931,0.6156,3787,421981.57,2
202406,BR,Brasil,transtornos_hipertensivos,eclampsia,548,175931,0.3115,2444,476772.19,4
202406,BR,Brasil,transtornos_hipertensivos,hipertensao_gestacional,2392,175931,1.3596,8442,1492357.55,1
202406,BR,Brasil,transtornos_hipertensivos,outros_hipertensivos,2686,175931,1.5267,9798,2163552.05,1
202406,BR,Brasil,transtornos_hipertensivos,pre_eclampsia,4935,175931,2.8051,21191,4318740.54,4
202407,BR,Brasil,complicacoes_anestesicas,anestesia_obstetrica,137,176604,0.0776,408,32022.55,0
202407,BR,Brasil,complicacoes_gestacao,liquido_membranas_ou_placenta,6475,176604,3.6664,19613,4931651.50,4
202407,BR,Brasil,complicacoes_parto,trabalho_de_parto_ou_parto,20969,176604,11.8735,56579,13998808.59,8
202407,BR,Brasil,complicacoes_puerperais,outras_complicacoes_puerperais,954,176604,0.5402,3906,416663.07,1
202407,BR,Brasil,complicacoes_vasculares,complicacoes_venosas,192,176604,0.1087,871,74701.82,0
202407,BR,Brasil,complicacoes_vasculares,embolia_obstetrica,4,176604,0.0023,25,4816.09,0
202407,BR,Brasil,desfecho_abortivo,gestacao_com_desfecho_abortivo,13721,176604,7.7694,22973,3686460.81,3
202407,BR,Brasil,disturbios_metabolicos,diabetes_na_gestacao,4589,176604,2.5985,17898,2837408.08,1
202407,BR,Brasil,hemorragias,hemorragia_pos_parto,246,176604,0.1393,765,177192.88,2
202407,BR,Brasil,hemorragias,outras_hemorragias_obstetricas,3284,176604,1.8595,7343,1010220.48,1
202407,BR,Brasil,infeccoes,infeccao_geniturinaria_gestacao,2648,176604,1.4994,10873,575503.95,1
202407,BR,Brasil,infeccoes,infeccao_puerperal,1364,176604,0.7723,7802,591561.97,1
202407,BR,Brasil,outras_condicoes_maternas,anemia_complicando_gestacao,104,176604,0.0589,428,49297.86,0
202407,BR,Brasil,outras_condicoes_maternas,doencas_classificadas_em_outros_capitulos,5354,176604,3.0316,21218,2184119.92,7
202407,BR,Brasil,outras_condicoes_maternas,edema_proteinuria_sem_hipertensao,49,176604,0.0277,131,17560.10,0
202407,BR,Brasil,outras_condicoes_maternas,outras_condicoes_da_gestacao,1125,176604,0.637,3851,359720.86,1
202407,BR,Brasil,transtornos_hipertensivos,eclampsia,530,176604,0.3001,2319,445295.33,1
202407,BR,Brasil,transtornos_hipertensivos,hipertensao_gestacional,2385,176604,1.3505,8565,1498845.16,1
202407,BR,Brasil,transtornos_hipertensivos,outros_hipertensivos,2636,176604,1.4926,9282,2077120.91,1
202407,BR,Brasil,transtornos_hipertensivos,pre_eclampsia,5239,176604,2.9665,22604,4563529.72,4
202408,BR,Brasil,complicacoes_anestesicas,anestesia_obstetrica,178,176165,0.101,424,39433.47,0
202408,BR,Brasil,complicacoes_gestacao,liquido_membranas_ou_placenta,6342,176165,3.6,18874,4782815.08,3
202408,BR,Brasil,complicacoes_parto,trabalho_de_parto_ou_parto,21271,176165,12.0745,58109,14218934.99,10
202408,BR,Brasil,complicacoes_puerperais,outras_complicacoes_puerperais,1007,176165,0.5716,4068,389224.51,2
202408,BR,Brasil,complicacoes_vasculares,complicacoes_venosas,197,176165,0.1118,1130,99645.68,1
202408,BR,Brasil,complicacoes_vasculares,embolia_obstetrica,2,176165,0.0011,16,501.24,0
202408,BR,Brasil,desfecho_abortivo,gestacao_com_desfecho_abortivo,14498,176165,8.2298,24213,3999692.69,7
202408,BR,Brasil,disturbios_metabolicos,diabetes_na_gestacao,4953,176165,2.8116,19821,3056605.98,2
202408,BR,Brasil,hemorragias,hemorragia_pos_parto,219,176165,0.1243,522,113532.37,7
202408,BR,Brasil,hemorragias,outras_hemorragias_obstetricas,3396,176165,1.9277,7099,1049556.50,3
202408,BR,Brasil,infeccoes,infeccao_geniturinaria_gestacao,2726,176165,1.5474,10674,523534.81,1
202408,BR,Brasil,infeccoes,infeccao_puerperal,1254,176165,0.7118,6724,518873.75,1
202408,BR,Brasil,outras_condicoes_maternas,anemia_complicando_gestacao,109,176165,0.0619,465,61225.92,0
202408,BR,Brasil,outras_condicoes_maternas,doencas_classificadas_em_outros_capitulos,5515,176165,3.1306,20775,2123537.74,7
202408,BR,Brasil,outras_condicoes_maternas,edema_proteinuria_sem_hipertensao,49,176165,0.0278,151,17814.12,0
202408,BR,Brasil,outras_condicoes_maternas,outras_condicoes_da_gestacao,1226,176165,0.6959,4256,351360.30,0
202408,BR,Brasil,transtornos_hipertensivos,eclampsia,543,176165,0.3082,2430,477585.60,2
202408,BR,Brasil,transtornos_hipertensivos,hipertensao_gestacional,2453,176165,1.3924,8515,1574974.64,0
202408,BR,Brasil,transtornos_hipertensivos,outros_hipertensivos,2778,176165,1.5769,10157,2199624.84,0
202408,BR,Brasil,transtornos_hipertensivos,pre_eclampsia,5137,176165,2.916,22315,4438704.25,8
202409,BR,Brasil,complicacoes_anestesicas,anestesia_obstetrica,151,172113,0.0877,427,40052.91,0
202409,BR,Brasil,complicacoes_gestacao,liquido_membranas_ou_placenta,6180,172113,3.5907,18507,4639828.89,1
202409,BR,Brasil,complicacoes_parto,trabalho_de_parto_ou_parto,20164,172113,11.7156,54142,13426581.96,8
202409,BR,Brasil,complicacoes_puerperais,outras_complicacoes_puerperais,1016,172113,0.5903,3773,484755.67,1
202409,BR,Brasil,complicacoes_vasculares,complicacoes_venosas,194,172113,0.1127,1129,94731.47,0
202409,BR,Brasil,complicacoes_vasculares,embolia_obstetrica,4,172113,0.0023,24,3950.63,0
202409,BR,Brasil,desfecho_abortivo,gestacao_com_desfecho_abortivo,14552,172113,8.4549,24332,3946411.43,3
202409,BR,Brasil,disturbios_metabolicos,diabetes_na_gestacao,4752,172113,2.761,19053,2912194.31,0
202409,BR,Brasil,hemorragias,hemorragia_pos_parto,243,172113,0.1412,663,130705.11,2
202409,BR,Brasil,hemorragias,outras_hemorragias_obstetricas,3540,172113,2.0568,7623,1019534.65,2
202409,BR,Brasil,infeccoes,infeccao_geniturinaria_gestacao,2756,172113,1.6013,10883,560756.14,0
202409,BR,Brasil,infeccoes,infeccao_puerperal,1188,172113,0.6902,6247,452026.67,3
202409,BR,Brasil,outras_condicoes_maternas,anemia_complicando_gestacao,107,172113,0.0622,425,44156.06,0
202409,BR,Brasil,outras_condicoes_maternas,doencas_classificadas_em_outros_capitulos,5565,172113,3.2333,20700,2032446.84,4
202409,BR,Brasil,outras_condicoes_maternas,edema_proteinuria_sem_hipertensao,58,172113,0.0337,196,19682.59,1
202409,BR,Brasil,outras_condicoes_maternas,outras_condicoes_da_gestacao,1285,172113,0.7466,4137,398834.06,1
202409,BR,Brasil,transtornos_hipertensivos,eclampsia,534,172113,0.3103,2207,425386.02,1
202409,BR,Brasil,transtornos_hipertensivos,hipertensao_gestacional,2230,172113,1.2957,7917,1405188.34,0
202409,BR,Brasil,transtornos_hipertensivos,outros_hipertensivos,2803,172113,1.6286,9838,2229468.17,2
202409,BR,Brasil,transtornos_hipertensivos,pre_eclampsia,4904,172113,2.8493,20344,4218362.16,5
202410,BR,Brasil,complicacoes_anestesicas,anestesia_obstetrica,171,172041,0.0994,437,47309.67,1
202410,BR,Brasil,complicacoes_gestacao,liquido_membranas_ou_placenta,6037,172041,3.509,18284,4588011.64,6
202410,BR,Brasil,complicacoes_parto,trabalho_de_parto_ou_parto,20467,172041,11.8966,55432,13507634.44,4
202410,BR,Brasil,complicacoes_puerperais,outras_complicacoes_puerperais,1048,172041,0.6092,4435,552643.30,5
202410,BR,Brasil,complicacoes_vasculares,complicacoes_venosas,182,172041,0.1058,1014,81062.80,0
202410,BR,Brasil,complicacoes_vasculares,embolia_obstetrica,3,172041,0.0017,38,9005.15,0
202410,BR,Brasil,desfecho_abortivo,gestacao_com_desfecho_abortivo,15659,172041,9.1019,25129,4218374.50,4
202410,BR,Brasil,disturbios_metabolicos,diabetes_na_gestacao,4726,172041,2.747,18806,2803930.29,0
202410,BR,Brasil,hemorragias,hemorragia_pos_parto,243,172041,0.1412,708,138923.67,1
202410,BR,Brasil,hemorragias,outras_hemorragias_obstetricas,3706,172041,2.1541,8029,1094930.18,4
202410,BR,Brasil,infeccoes,infeccao_geniturinaria_gestacao,2835,172041,1.6479,11212,572243.21,0
202410,BR,Brasil,infeccoes,infeccao_puerperal,1266,172041,0.7359,6771,451613.99,3
202410,BR,Brasil,outras_condicoes_maternas,anemia_complicando_gestacao,115,172041,0.0668,436,43841.47,0
202410,BR,Brasil,outras_condicoes_maternas,doencas_classificadas_em_outros_capitulos,5575,172041,3.2405,20772,2196800.33,2
202410,BR,Brasil,outras_condicoes_maternas,edema_proteinuria_sem_hipertensao,37,172041,0.0215,114,13680.49,0
202410,BR,Brasil,outras_condicoes_maternas,outras_condicoes_da_gestacao,1358,172041,0.7893,4637,392510.73,0
202410,BR,Brasil,transtornos_hipertensivos,eclampsia,484,172041,0.2813,1965,407861.17,6
202410,BR,Brasil,transtornos_hipertensivos,hipertensao_gestacional,2403,172041,1.3968,8378,1549268.58,0
202410,BR,Brasil,transtornos_hipertensivos,outros_hipertensivos,2750,172041,1.5985,9753,2138387.96,0
202410,BR,Brasil,transtornos_hipertensivos,pre_eclampsia,4863,172041,2.8267,20007,4119703.76,5
202411,BR,Brasil,complicacoes_anestesicas,anestesia_obstetrica,146,166361,0.0878,402,37615.83,0
202411,BR,Brasil,complicacoes_gestacao,liquido_membranas_ou_placenta,5923,166361,3.5603,17979,4480125.74,1
202411,BR,Brasil,complicacoes_parto,trabalho_de_parto_ou_parto,19655,166361,11.8147,53283,13168086.55,10
202411,BR,Brasil,complicacoes_puerperais,outras_complicacoes_puerperais,975,166361,0.5861,3896,432213.88,1
202411,BR,Brasil,complicacoes_vasculares,complicacoes_venosas,204,166361,0.1226,855,56508.51,0
202411,BR,Brasil,complicacoes_vasculares,embolia_obstetrica,9,166361,0.0054,31,8249.14,1
202411,BR,Brasil,desfecho_abortivo,gestacao_com_desfecho_abortivo,14961,166361,8.9931,24952,4107617.36,7
202411,BR,Brasil,disturbios_metabolicos,diabetes_na_gestacao,4950,166361,2.9755,19843,3157762.14,2
202411,BR,Brasil,hemorragias,hemorragia_pos_parto,234,166361,0.1407,723,155106.31,1
202411,BR,Brasil,hemorragias,outras_hemorragias_obstetricas,3506,166361,2.1075,7515,966554.40,3
202411,BR,Brasil,infeccoes,infeccao_geniturinaria_gestacao,2723,166361,1.6368,10629,562477.23,0
202411,BR,Brasil,infeccoes,infeccao_puerperal,1189,166361,0.7147,6582,481363.31,4
202411,BR,Brasil,outras_condicoes_maternas,anemia_complicando_gestacao,108,166361,0.0649,414,53168.97,0
202411,BR,Brasil,outras_condicoes_maternas,doencas_classificadas_em_outros_capitulos,5574,166361,3.3505,21097,2173241.20,3
202411,BR,Brasil,outras_condicoes_maternas,edema_proteinuria_sem_hipertensao,32,166361,0.0192,76,13588.03,0
202411,BR,Brasil,outras_condicoes_maternas,outras_condicoes_da_gestacao,1411,166361,0.8482,4772,440778.86,0
202411,BR,Brasil,transtornos_hipertensivos,eclampsia,454,166361,0.2729,1927,389237.61,1
202411,BR,Brasil,transtornos_hipertensivos,hipertensao_gestacional,2291,166361,1.3771,8275,1508241.65,0
202411,BR,Brasil,transtornos_hipertensivos,outros_hipertensivos,2678,166361,1.6098,9284,2112964.18,0
202411,BR,Brasil,transtornos_hipertensivos,pre_eclampsia,4710,166361,2.8312,20385,4062974.53,4
202412,BR,Brasil,complicacoes_anestesicas,anestesia_obstetrica,131,162177,0.0808,328,37386.63,0
202412,BR,Brasil,complicacoes_gestacao,liquido_membranas_ou_placenta,5742,162177,3.5406,17161,4283633.46,1
202412,BR,Brasil,complicacoes_parto,trabalho_de_parto_ou_parto,18941,162177,11.6792,50389,12376125.23,6
202412,BR,Brasil,complicacoes_puerperais,outras_complicacoes_puerperais,914,162177,0.5636,3667,360463.04,1
202412,BR,Brasil,complicacoes_vasculares,complicacoes_venosas,229,162177,0.1412,987,92413.68,0
202412,BR,Brasil,complicacoes_vasculares,embolia_obstetrica,5,162177,0.0031,20,2128.89,0
202412,BR,Brasil,desfecho_abortivo,gestacao_com_desfecho_abortivo,14254,162177,8.7892,23687,3834783.70,0
202412,BR,Brasil,disturbios_metabolicos,diabetes_na_gestacao,4897,162177,3.0195,19498,2975954.47,0
202412,BR,Brasil,hemorragias,hemorragia_pos_parto,226,162177,0.1394,604,133783.58,0
202412,BR,Brasil,hemorragias,outras_hemorragias_obstetricas,3452,162177,2.1285,7291,1018424.45,1
202412,BR,Brasil,infeccoes,infeccao_geniturinaria_gestacao,2742,162177,1.6907,10974,580682.40,0
202412,BR,Brasil,infeccoes,infeccao_puerperal,1195,162177,0.7368,6218,468061.20,2
202412,BR,Brasil,outras_condicoes_maternas,anemia_complicando_gestacao,124,162177,0.0765,500,50776.05,0
202412,BR,Brasil,outras_condicoes_maternas,doencas_classificadas_em_outros_capitulos,5428,162177,3.347,21047,2035101.78,3
202412,BR,Brasil,outras_condicoes_maternas,edema_proteinuria_sem_hipertensao,38,162177,0.0234,131,12795.57,0
202412,BR,Brasil,outras_condicoes_maternas,outras_condicoes_da_gestacao,1456,162177,0.8978,4668,486241.29,1
202412,BR,Brasil,transtornos_hipertensivos,eclampsia,480,162177,0.296,2107,416167.73,2
202412,BR,Brasil,transtornos_hipertensivos,hipertensao_gestacional,2181,162177,1.3448,7359,1408412.25,1
202412,BR,Brasil,transtornos_hipertensivos,outros_hipertensivos,2523,162177,1.5557,9103,2003015.31,0
202412,BR,Brasil,transtornos_hipertensivos,pre_eclampsia,4437,162177,2.7359,19006,3725513.86,5
